# Drug name and concentration: 10: Diltiazem at 1275Î¼M,,,,,,,,,,,,,,,,,,,,,,,,,,,,
# GNa:,,,,,,,,,,,,,,,,,,,,,,,,,,,,
#   EC50/IC50: Infinity,,,,,,,,,,,,,,,,,,,,,,,,,,,,
#   Hill Coefficient: 1,,,,,,,,,,,,,,,,,,,,,,,,,,,,
# GNaL:,,,,,,,,,,,,,,,,,,,,,,,,,,,,
#   EC50/IC50: Infinity,,,,,,,,,,,,,,,,,,,,,,,,,,,,
#   Hill Coefficient: 1,,,,,,,,,,,,,,,,,,,,,,,,,,,,
# Gto:,,,,,,,,,,,,,,,,,,,,,,,,,,,,
#   EC50/IC50: Infinity,,,,,,,,,,,,,,,,,,,,,,,,,,,,
#   Hill Coefficient: 1,,,,,,,,,,,,,,,,,,,,,,,,,,,,
# GKr:,,,,,,,,,,,,,,,,,,,,,,,,,,,,
#   EC50/IC50: 6569,,,,,,,,,,,,,,,,,,,,,,,,,,,,
#   Hill Coefficient: 0.8,,,,,,,,,,,,,,,,,,,,,,,,,,,,
# GKs:,,,,,,,,,,,,,,,,,,,,,,,,,,,,
#   EC50/IC50: Infinity,,,,,,,,,,,,,,,,,,,,,,,,,,,,
#   Hill Coefficient: 1,,,,,,,,,,,,,,,,,,,,,,,,,,,,
# GK1:,,,,,,,,,,,,,,,,,,,,,,,,,,,,
#   EC50/IC50: Infinity,,,,,,,,,,,,,,,,,,,,,,,,,,,,
#   Hill Coefficient: 1,,,,,,,,,,,,,,,,,,,,,,,,,,,,
# Gncx:,,,,,,,,,,,,,,,,,,,,,,,,,,,,
#   EC50/IC50: Infinity,,,,,,,,,,,,,,,,,,,,,,,,,,,,
#   Hill Coefficient: 1,,,,,,,,,,,,,,,,,,,,,,,,,,,,
# Pnak:,,,,,,,,,,,,,,,,,,,,,,,,,,,,
#   EC50/IC50: Infinity,,,,,,,,,,,,,,,,,,,,,,,,,,,,
#   Hill Coefficient: 1,,,,,,,,,,,,,,,,,,,,,,,,,,,,
# PCa:,,,,,,,,,,,,,,,,,,,,,,,,,,,,
#   EC50/IC50: 112,,,,,,,,,,,,,,,,,,,,,,,,,,,,
#   Hill Coefficient: 0.7,,,,,,,,,,,,,,,,,,,,,,,,,,,,
# Stimulus Phase: 0,,,,,,,,,,,,,,,,,,,,,,,,,,,,
#   Strength: 1,,,,,,,,,,,,,,,,,,,,,,,,,,,,
#   Duration: 0.5,,,,,,,,,,,,,,,,,,,,,,,,,,,,
#   Frequency: 2000,,,,,,,,,,,,,,,,,,,,,,,,,,,,
#   Cycles: 0,,,,,,,,,,,,,,,,,,,,,,,,,,,,
# Stimulus Phase: 1,,,,,,,,,,,,,,,,,,,,,,,,,,,,
#   Strength: 1,,,,,,,,,,,,,,,,,,,,,,,,,,,,
#   Duration: 0.5,,,,,,,,,,,,,,,,,,,,,,,,,,,,
#   Frequency: 2000,,,,,,,,,,,,,,,,,,,,,,,,,,,,
#   Cycles: 150,,,,,,,,,,,,,,,,,,,,,,,,,,,,
# Ca_o: 1.8,,,,,,,,,,,,,,,,,,,,,,,,,,,,
# K_o: 5.4,,,,,,,,,,,,,,,,,,,,,,,,,,,,
# Na_o: 140,,,,,,,,,,,,,,,,,,,,,,,,,,,,
Param#,Peak Voltage,RMP,Max Upstroke Velocity,APD1,APD2,APD3,Tri90-40,CTD90,CTD50,CaTamp,CaTmax,CaiD,EMw,qNet,EAD,Depolarization,Index,GNa,GNaL,Gto,GKr,GKs,GK1,Gncx,Pnak,PCa,cnet,dose
1,36.5185,-87.9241,257.347,309.59,246.07,218.78,90.81,1057.52,478.47,42.5896,98.4024,55.8116,747.93,0.0602367,0,0,1,1.25955,1.13245,1.4096,0.921915,1.27445,0.816716,1.36352,0.703243,1.14164,,10
2,37.1612,-88.008,263.246,255.77,203.16,179,76.77,994.92,436.45,50.672,110.43,59.7553,739.15,0.0817759,0,0,2,1.08776,0.804707,1.37275,1.02163,0.660989,1.15547,1.00881,0.848511,1.21274,,10
4,38.1789,-88.035,267.32,252.3,191.5,165.34,86.96,935.23,412.35,65.2867,136.565,71.2651,682.93,0.0763022,0,0,4,0.788933,1.07789,0.94939,1.12363,0.947599,0.779872,0.513344,0.870073,0.755705,,10
5,38.6713,-88.0918,271.712,226.47,169.69,147.33,79.14,960.36,411.76,53.7225,119.374,65.6447,733.89,0.0821979,0,0,5,1.22937,1.06536,0.956006,1.34837,0.619484,0.643933,0.648585,0.987129,0.859177,,10
7,37.6823,-87.9945,261.817,363.97,296.43,257.39,106.58,1007.58,490.25,63.4767,135.197,71.7062,643.61,0.0477123,0,0,7,1.12734,1.21322,1.0768,0.59416,1.19831,1.4073,0.535858,0.835674,0.7209,,10
10,38.7936,-88.1067,273.206,351.59,267.93,233.89,117.7,1067.41,496.01,43.9651,102.629,58.6606,715.82,0.0710492,0,0,10,0.754755,0.738202,0.883224,0.647699,0.953403,0.66055,1.04908,1.03994,1.00258,,10
11,36.2373,-87.8337,250.01,264.24,215.87,190.85,73.39,1074.37,469.28,35.6791,91.6132,55.9342,810.13,0.064106,0,0,11,0.80391,1.26541,1.01014,1.10438,1.04747,1.42593,1.21314,0.58209,0.782922,,10
13,36.9612,-88.0093,263.13,225.49,176.48,153.61,71.88,994.1,422.89,45.9587,105.412,59.4508,768.61,0.0922897,0,0,13,1.38171,0.653576,1.36462,1.00154,1.17733,1.34125,0.951589,0.823403,1.02888,,10
14,38.5191,-88.1428,274.737,282.91,216.56,189.41,93.5,1011.01,452.8,48.7161,112.391,63.6701,728.1,0.0646537,0,0,14,0.502533,1.3019,1.40423,1.1301,1.22046,0.581343,0.725196,1.13212,0.771478,,10
15,38.8218,-88.121,271.568,349.88,289.41,256.21,93.67,1067.03,511.97,47.8635,111.536,63.6666,717.15,0.0402505,0,0,15,1.32584,1.4682,1.25093,0.796372,1.11965,1.38473,0.766849,1.20998,0.81169,,10
18,39.9705,-88.2202,282.655,407.23,314.89,273.32,133.91,1094.98,536.62,44.7376,110.613,65.8682,687.75,0.038753,0,0,18,1.35251,1.34048,1.09712,0.598936,1.18766,0.681243,0.619567,1.44938,0.564899,,10
20,38.8645,-88.0525,266.822,309.3,246.89,221.21,88.09,1075.8,488.38,39.725,94.183,54.4561,766.5,0.0509159,0,0,20,1.42391,1.38016,0.823026,1.08034,1.30752,0.730013,1.49315,0.964038,1.29249,,10
21,36.9602,-87.9629,261.232,275.32,209.36,181.2,94.12,1038.4,456.27,40.5621,102.302,61.737,763.08,0.0704008,0,0,21,1.45445,1.16984,1.2283,1.04432,1.08621,0.666436,0.793681,0.712182,0.571739,,10
22,38.6849,-88.0687,267.53,248.49,198.03,173.6,74.89,949.86,419.61,63.813,129.085,65.2649,701.37,0.0878596,0,0,22,0.761214,0.601802,0.717928,0.911148,0.781716,1.49751,0.750619,0.973089,1.37017,,10
25,39.2955,-88.2009,279.955,307.58,239.67,211.48,96.1,1003.7,461.12,55.7734,118.468,62.6898,696.12,0.0693975,0,0,25,0.899575,0.981637,1.3318,0.919708,1.0115,0.733913,0.838232,1.40694,1.25977,,10
27,39.4899,-88.1259,273.295,365.41,294.94,259.64,105.77,1079.14,517.89,46.2362,107.266,61.0249,713.73,0.0492386,0,0,27,0.815516,1.14146,0.795586,0.669027,1.07818,1.11744,0.921793,1.17398,0.995901,,10
28,39.75,-88.1428,273.774,360.3,294.74,259.2,101.1,1094.86,523.41,42.7474,102.867,60.1161,734.56,0.054696,0,0,28,0.854672,1.02472,0.648055,0.639608,0.927037,1.39642,0.93724,1.21773,0.88723,,10
30,36.6416,-87.7714,247.355,362.14,292.97,258.31,103.83,1063.08,505.74,48.7752,109.116,60.3387,700.94,0.0382954,0,0,30,1.05917,1.39563,0.733522,0.715208,1.24343,1.04644,1.10792,0.517388,1.05005,,10
31,37.5859,-87.9398,259.073,231.15,177.3,156.12,75.03,1032.17,436.36,38.5914,94.1229,55.5307,801.02,0.0832589,0,0,31,1.12096,0.822285,0.671342,1.21236,0.610485,0.805366,1.24918,0.693148,1.13449,,10
32,39.6234,-88.1398,276.676,371.34,278.48,241.06,130.28,1025.88,487.32,56.5322,119.547,63.0093,654.54,0.074176,0,0,32,1.49599,0.551368,0.657084,0.516762,0.998886,0.672193,0.858383,1.14193,1.31535,,10
36,36.7995,-87.8424,250.663,255.66,208.39,186.08,69.58,1017.21,446.39,46.3511,102.644,56.2925,761.55,0.0682119,0,0,36,1.41634,1.057,0.838061,1.15579,0.895024,1.32883,1.34997,0.607935,1.43534,,10
40,39.8797,-88.182,279.271,337.27,267.53,237.17,100.1,1063.82,496.09,45.2874,102.264,56.9739,726.55,0.0734936,0,0,40,0.744339,0.675849,0.746487,0.749454,0.510079,0.888897,1.21937,1.33951,1.37053,,10
42,37.1719,-87.8911,254.766,227.82,179.92,157.97,69.85,1043.19,442.48,36.8699,93.9807,57.11,815.37,0.0743793,0,0,42,1.20008,1.17544,0.754806,1.2999,1.25591,1.14585,1.08713,0.640316,0.85396,,10
45,40.3401,-88.1885,277.755,254.67,206.04,184.18,70.49,993.81,443.42,53.2397,114.885,61.6407,739.14,0.0609267,0,0,45,1.43603,1.45633,0.89132,1.44239,0.996105,1.05435,0.880786,1.45477,1.41733,,10
46,39.6619,-88.0912,270.011,305.93,246.01,219.26,86.67,1071.57,488.24,40.7584,96.7605,55.9995,765.64,0.0577411,0,0,46,0.520555,1.18902,0.568774,0.991482,1.14652,0.977829,1.29345,1.07875,1.22147,,10
48,39.3384,-88.2082,280.699,392.72,317.75,280.7,112.02,1100.27,538.76,44.6169,107.631,63.0098,707.55,0.0395008,0,0,48,0.875811,1.32957,1.44533,0.703702,0.692465,0.925904,0.760407,1.47106,0.727905,,10
49,36.6778,-87.8789,256.076,174.56,126.23,108.42,66.14,917.18,374.88,57.6441,125.298,67.644,742.62,0.102455,0,1,49,0.75049,0.502431,0.726344,1.24037,0.723578,0.90769,0.592332,0.562983,0.845769,,10
50,39.1374,-88.0581,268.339,321.18,254.51,225.1,96.08,1066.6,491.91,42.8726,102.372,59.496,745.42,0.055314,0,0,50,1.10142,1.2227,0.61558,0.97047,0.559653,0.783285,0.996599,0.947879,0.923251,,10
52,37.7248,-88.0497,269.916,300.81,214.5,183.27,117.54,1021.54,451.21,45.0521,106.001,60.9451,720.73,0.0882156,0,0,52,1.19088,0.562246,1.10254,0.686676,1.3672,0.508798,0.849273,0.852379,0.803879,,10
54,37.4523,-87.8464,250.848,286.82,236.76,210.07,76.75,988.14,453.63,59.8854,125.009,65.1187,701.32,0.0509213,0,0,54,0.627448,1.43951,0.681484,1.089,0.820124,1.48235,0.819086,0.624393,1.16368,,10
56,37.0505,-87.9394,258.137,219.05,173.1,152.7,66.35,1003.91,425.69,43.8078,102.004,58.1949,784.86,0.0774115,0,0,56,1.28009,1.13011,1.13133,1.39828,0.864782,1.1005,1.05654,0.726855,1.10836,,10
58,39.2299,-88.2004,280.269,371.55,297.53,260.81,110.74,1055.38,512.75,51.017,118.976,67.95,683.83,0.0434088,0,0,58,1.3071,1.36214,1.46698,0.746865,0.842035,0.913154,0.565496,1.42991,0.60293,,10
59,36.0236,-87.9219,257.53,257.78,201.27,173.26,84.52,1013.66,440.49,44.5693,105.164,60.5922,755.88,0.0887102,0,0,59,1.45838,0.622397,1.42167,0.807756,0.579167,1.26232,0.876798,0.648329,0.768789,,10
60,38.5,-88.1187,272.166,254.48,205.21,182.37,72.11,974.93,433.59,57.5472,121.001,63.4492,720.45,0.0666194,0,0,60,1.01102,1.32426,1.46153,1.33618,0.736779,1.08528,0.80661,1.18583,1.23575,,10
65,39.458,-88.2142,281.256,365.12,287.92,255.87,109.25,1108.33,522.28,38.9371,94.6883,55.7485,743.21,0.0505146,0,0,65,0.597041,1.19478,1.34353,0.742339,1.41369,0.700464,1.28035,1.4744,1.0796,,10
67,36.4327,-87.9096,255.954,284.21,224.29,192.46,91.75,1063.59,468.99,37.5227,96.4935,58.9694,779.38,0.08686,0,0,67,0.655703,0.569071,0.931223,0.645672,0.811354,1.41718,0.94074,0.609107,0.610051,,10
71,38.0939,-88.1092,271.672,354.2,283.56,246.17,108.03,1033.28,493.54,53.7993,120.975,67.1677,679.08,0.055732,0,0,71,0.980899,1.12461,1.49458,0.614746,1.42961,1.18317,0.61743,1.10755,0.685777,,10
72,38.7051,-88.0523,268.55,187.21,139.87,120.69,66.52,921.58,384.21,59.2716,127.865,68.5824,734.37,0.0983708,0,1,72,1.48705,0.689768,0.575912,1.28468,1.11181,1.06974,0.553596,0.883968,0.863387,,10
73,39.338,-88.175,277.869,331.11,264.22,230.23,100.88,1032.25,486.82,51.0405,118.809,67.7602,701.14,0.0584349,0,0,73,1.07437,1.17653,1.11786,0.812574,0.797394,1.06731,0.563166,1.3174,0.592015,,10
75,38.008,-88.0971,269.211,339.96,279.93,247.26,92.7,1043.17,494.31,51.7489,113.688,61.9347,703.21,0.0612022,0,0,75,1.15215,0.975055,1.42687,0.691454,0.954387,1.44622,0.898104,1.09924,1.06717,,10
76,39.2845,-88.0717,269.339,263.06,202.17,178.98,84.08,1028.09,450.25,43.3547,100.613,57.2555,765.03,0.0730019,0,0,76,1.48942,1.01426,0.555402,1.18462,0.915158,0.630117,1.1537,0.958074,1.26603,,10
78,38.2633,-87.9525,259.334,332.27,268.14,238.18,94.09,1087.54,502.97,40.208,96.1514,55.9415,755.27,0.0485289,0,0,78,1.296,1.2811,0.619966,0.841006,1.33993,1.01765,1.35768,0.768192,1.09349,,10
81,37.6644,-88.0381,265.502,257.81,206.69,182.25,75.56,956.53,425.21,63.1185,127.834,64.7104,698.72,0.0788084,0,0,81,0.616233,0.87881,1.29598,1.05079,0.518964,1.26965,0.789057,0.931004,1.30285,,10
82,39.3819,-88.0673,269.428,344.99,269.97,237.47,107.52,1040.45,490.27,51.5833,113.345,61.7568,695.46,0.0576255,0,0,82,1.4347,1.00624,0.548337,0.76774,0.856035,0.774059,0.930421,0.96903,1.20234,,10
84,39.9146,-88.1954,278.74,269.39,217.27,193.55,75.84,956.52,434.45,66.9473,133.661,66.7067,687.13,0.0635042,0,0,84,1.0445,1.29363,1.13852,1.27299,0.703027,1.04413,0.696841,1.47964,1.47594,,10
85,38.0025,-88.1228,275.843,292.63,213.62,182.5,110.13,1042.64,458.2,40.1545,100.104,59.9462,750.01,0.0900476,0,0,85,0.508757,0.629764,1.43185,0.777197,0.617295,0.578645,0.85176,1.04329,0.663449,,10
86,38.0761,-87.9914,262.41,229.76,181.09,160.88,68.88,1031.94,438.86,39.2888,94.3683,55.0785,802.18,0.0767035,0,0,86,0.845667,1.06764,0.800064,1.37878,0.795554,0.931672,1.31395,0.817599,1.25278,,10
88,39.1927,-88.1834,278.16,362.12,289.36,255.47,106.65,1052.52,503.29,51.4294,111.532,60.0984,690.4,0.0597437,0,0,88,0.786113,0.917423,1.30085,0.609305,1.40175,1.02385,1.03424,1.39202,1.39132,,10
90,39.2194,-88.2123,282.989,167.55,121.57,104.9,62.65,958.32,388.11,45.8289,107.6,61.7655,790.77,0.110475,0,1,90,1.16236,0.539142,1.23116,1.43133,0.638485,0.856884,0.73382,1.37272,1.01218,,10
91,39.325,-88.129,273.795,410.54,316.08,278.42,132.12,1056.07,519.48,55.6151,118.727,63.1057,645.53,0.041904,0,0,91,0.664806,1.15245,0.942913,0.65246,0.834106,0.518517,0.91338,1.10404,1.3622,,10
92,38.8471,-88.087,269.857,361.67,291.95,256.38,105.29,1094.67,517.85,41.7962,99.1121,57.3131,733,0.0680194,0,0,92,0.925635,0.69504,0.69203,0.571745,0.744865,1.22244,1.17303,1.01389,1.02304,,10
95,37.4784,-88.0168,263.259,265.8,216.18,193.06,72.74,1025.47,453.02,45.252,100.596,55.3421,759.67,0.0789606,0,0,95,1.36897,0.779578,1.22386,0.992425,1.04059,1.33547,1.40675,0.897374,1.4849,,10
96,37.0526,-87.9926,262.858,413.41,320.21,281.13,132.28,1052.74,515.58,55.567,119.292,63.7199,639.33,0.0437671,0,0,96,0.952975,1.14575,1.48602,0.620709,0.74195,0.549433,0.889014,0.777914,1.06883,,10
97,37.1121,-88.0019,263.523,204.21,155.91,133.91,70.3,907.27,383.12,66.9191,137.473,70.5412,703.06,0.0917034,0,0,97,0.544263,0.848014,1.33367,1.19047,1.35112,1.20634,0.525871,0.807098,0.821614,,10
99,38.7798,-88.0618,267.995,257.31,203.26,178.62,78.69,1049.45,457.61,38.8006,96.0267,57.224,792.14,0.07903,0,0,99,1.48017,0.892554,0.642486,1.05764,0.752089,1.11378,1.08344,0.951435,0.942444,,10
100,40.3243,-88.1839,278.048,374.59,300.55,263.8,110.79,1059.21,515.55,52.5531,116.123,63.5641,684.62,0.0417986,0,0,100,1.14082,1.26822,0.805145,0.626923,1.45699,1.10822,0.809773,1.41503,1.19048,,10
101,36.7929,-87.9422,259.347,194.38,147.18,129.08,65.3,977.78,402.97,45.6127,103.454,57.8395,783.4,0.0950557,0,0,101,1.00608,0.615604,1.13543,1.26457,1.2786,0.957549,1.07681,0.695913,1.32805,,10
102,37.3603,-88.0436,267.347,263.11,197.08,172.41,90.7,976.41,426.91,54.5292,116.286,61.7532,713.3,0.0808168,0,0,102,0.809507,0.865092,1.47859,1.03856,1.2401,0.574524,0.890809,0.872975,1.18643,,10
103,37.8529,-88.0382,266.298,201.15,156.53,138.08,63.07,1042.62,429.09,34.2074,88.2529,54.0445,841.47,0.088309,0,0,103,0.676695,0.945765,1.09453,1.45831,1.13446,1.02982,1.30862,0.902624,1.10015,,10
104,36.6381,-87.8782,252.838,327.16,271.87,242.8,84.36,1017.76,479.47,57.3773,119.152,61.7707,690.6,0.0471625,0,0,104,0.724483,1.31644,1.28043,0.8829,0.924278,1.36316,1.05861,0.679227,1.38612,,10
105,37.3979,-88.0019,266.567,192.83,133.12,113.73,79.1,984.5,401.25,41.1,102.426,61.3218,791.67,0.103387,0,1,105,0.698118,0.527181,0.986412,1.20201,0.721444,0.504026,0.776807,0.740234,0.778896,,10
106,38.9231,-88.1758,276.499,390.66,318.89,276.96,113.7,1037.88,515.15,59.3166,129.93,70.6011,647.22,0.0431402,0,0,106,1.01513,1.23057,1.47343,0.509884,1.31481,1.43409,0.520584,1.37788,0.724329,,10
107,39.7221,-88.131,274.742,193.89,148.14,130.77,63.12,1016.45,419.29,38.0393,93.9012,55.8595,822.56,0.0949341,0,0,107,0.865952,0.747715,0.523129,1.48583,0.504129,0.894979,1.14772,1.12539,1.28481,,10
108,38.9812,-88.1075,270.936,321.76,261.97,233.83,87.93,1056.93,493.12,46.3777,106.379,59.9975,735.17,0.0454465,0,0,108,1.21957,1.47982,1.10937,1.03033,0.942208,0.983189,0.998464,1.14726,1.08781,,10
110,38.7762,-88.1689,277.934,221.5,167.31,147.67,73.83,1044.22,434.96,35.0003,88.6195,53.6177,822.72,0.0907873,0,0,110,0.590524,0.858706,1.31048,1.35847,1.08113,0.611643,1.34695,1.2369,1.16978,,10
111,36.9067,-87.8952,256.597,362.71,284.69,246.93,115.78,1082.06,507.22,42.4787,102.47,59.9888,719.35,0.061836,0,0,111,0.702169,0.875683,0.826757,0.567886,1.03236,0.946625,0.976749,0.619256,0.735471,,10
112,39.5582,-88.2009,278.878,310.94,251.33,221.51,89.43,1076.41,492.88,40.1698,98.0033,57.8305,765.47,0.0688461,0,0,112,0.997499,0.962612,1.04206,0.783994,1.39063,1.31242,1.03694,1.44511,0.927736,,10
113,37.5612,-88.006,263.305,379.7,307.83,269.87,109.83,1051.18,509.23,54.1355,116.069,61.9281,671.48,0.0542621,0,0,113,0.889764,0.925772,1.20248,0.503982,1.30399,1.25974,0.984139,0.862762,1.23091,,10
114,38.9679,-88.1115,271.093,328.93,270.32,241.04,87.89,1032.54,487.79,53.8418,115.567,61.7209,703.61,0.0560106,0,0,114,0.609325,1.1182,1.05403,0.892502,0.542754,1.21816,0.945928,1.16281,1.32442,,10
115,37.4053,-88.032,265.476,308.63,248.28,221.21,87.42,1083.75,489.01,37.8055,92.0505,54.2439,775.12,0.0676091,0,0,115,1.06938,0.988525,1.38453,0.936753,0.588276,0.935212,1.4364,0.908824,1.0301,,10
119,35.542,-87.8096,249.005,264.31,213.54,188.64,75.67,1040.12,455.11,41.5214,97.8849,56.3639,775.81,0.0727719,0,0,119,0.930635,0.95262,1.27305,1.01038,0.604925,1.28492,1.24013,0.544328,1.00684,,10
121,37.7311,-87.9121,256.521,246.72,188.18,165.09,81.63,949.68,415.59,61.6212,127.982,66.3542,702.96,0.0633779,0,0,121,0.917,1.41491,0.727739,1.36217,1.42256,0.592624,0.717898,0.644372,1.11268,,10
122,39.8975,-88.2211,282.36,364.57,287.1,249.78,114.79,1054.57,504.68,50.4427,113.813,63.3645,690,0.0629005,0,0,122,0.578183,0.884188,1.02691,0.578784,1.1736,1.00906,0.75672,1.49817,0.951782,,10
124,37.9519,-87.941,257.585,371.44,309.77,276.16,95.28,1053.85,513.83,54.7569,116.171,61.4091,682.41,0.0351846,0,0,124,1.09325,1.37366,0.912212,0.726496,0.934507,1.38827,1.10113,0.786974,1.447,,10
125,37.1111,-87.9632,261.356,406.77,322.74,284.15,122.62,1067.01,521.2,52.2523,112.399,60.143,660.24,0.0463438,0,0,125,0.772684,1.03002,1.33915,0.540117,1.09935,0.819233,1.15443,0.770623,1.31686,,10
126,38.9102,-88.108,271.579,261.93,208.75,185.72,76.21,1040.5,458.47,41.6538,99.2155,57.5593,778.57,0.0641653,0,0,126,1.41273,1.34619,1.05067,1.32468,0.884545,0.862863,1.09612,1.11144,1.07781,,10
127,38.9108,-88.1625,277.905,186.77,138.86,120.13,66.64,1002.45,411.1,38.6673,98.4708,59.7998,815.68,0.0978286,0,1,127,1.36448,0.871053,1.1704,1.48263,1.07193,0.825449,0.826569,1.20331,0.824677,,10
128,38.4372,-88.0677,267.509,284.39,231.14,205.87,78.52,1049.32,471.24,42.7892,99.1036,56.3119,764.93,0.0674175,0,0,128,0.909111,1.048,1.00444,0.985587,1.33116,1.25336,1.26316,1.02673,1.2439,,10
129,39.2772,-88.1601,274.863,333.46,265.87,239,94.46,1084.1,502.29,40.7521,95.537,54.7825,750.64,0.047274,0,0,129,1.27613,1.38285,1.1573,1.01834,1.15192,0.625809,1.45996,1.25637,1.34912,,10
135,37.083,-87.9202,256.93,279.91,222.11,192.26,87.65,965.98,436.28,61.8568,130.184,68.3185,686.07,0.0758099,0,0,135,1.35573,0.835445,0.845418,0.818688,0.713993,1.32377,0.624388,0.665588,0.840172,,10
137,38.7366,-88.0676,269.567,425.8,341.22,303.21,122.59,1137.53,558.08,39.924,95.2556,55.3292,711.73,0.0460595,0,0,137,0.542,0.966512,0.833964,0.590157,0.511702,0.765983,1.46394,0.985041,1.14621,,10
140,39.3427,-88.1698,276.429,291.99,224.14,196.64,95.35,978.36,446.36,59.8684,127.713,67.8358,686.37,0.0562254,0,0,140,1.33615,1.45013,1.14727,1.13885,1.49803,0.562476,0.611416,1.22316,0.932913,,10
142,39.442,-88.0839,269.731,304.77,243.27,215.34,89.43,1020.97,469.84,52.1538,112.977,60.8188,716.2,0.0610267,0,0,142,0.529911,1.08834,0.656613,0.900076,1.38112,1.03726,0.986852,1.05653,1.37866,,10
143,39.1312,-88.1219,271.517,238.39,193.6,171.97,66.42,997.16,436.69,49.3881,110.135,60.7431,758.77,0.071491,0,0,143,0.939201,1.24489,1.00188,1.37089,0.857438,1.37638,0.901543,1.19844,1.19602,,10
145,37.9469,-88.0967,271.25,265.7,201.88,179.06,86.64,1015.05,442.59,45.4439,101.607,56.161,749.35,0.0817281,0,0,145,0.634499,0.816889,1.40207,1.09951,0.974509,0.546545,1.27526,1.01236,1.41083,,10
154,40.0691,-88.1638,276.702,334.72,264.7,232.61,102.11,1079.04,501.17,41.7483,99.7668,58.0152,744.32,0.0648355,0,0,154,1.21882,0.908848,0.590631,0.707546,1.26733,1.00264,1.07231,1.27178,1.04328,,10
155,36.0694,-87.8108,250.095,360.38,288.34,249.92,110.46,1093.87,511.87,40.2179,100.097,59.8774,733.49,0.0605516,0,0,155,1.12606,0.915609,0.856054,0.544246,1.05866,1.17869,0.969928,0.513535,0.621268,,10
156,39.8457,-88.1134,271.192,339.52,277.56,245.55,93.97,1107.76,517.76,38.0161,94.7572,56.7384,768.24,0.0517813,0,0,156,1.14509,1.18263,0.536778,0.733882,1.39416,1.36801,1.18731,1.15181,0.954897,,10
157,38.8379,-88.0993,270.158,254.03,203.63,180.82,73.21,1048.49,455.86,38.9345,93.3337,54.3973,794.46,0.0819057,0,0,157,0.884287,0.798471,0.81481,1.02571,1.49174,1.27424,1.37752,1.08416,1.27953,,10
159,39.4972,-88.0338,266.129,418.46,339.45,302.17,116.29,1112.34,552.85,45.9035,105.119,59.2118,693.88,0.0233925,0,0,159,1.31269,1.4872,0.597698,0.698641,0.676277,0.836091,1.19468,0.935982,1.24714,,10
164,39.1025,-88.0974,269.837,341.89,274.49,247.29,94.6,1081.07,506.01,42.7108,98.2113,55.4982,739.18,0.0425201,0,0,164,1.46776,1.42815,0.944031,1.0516,0.655054,0.618485,1.4498,1.06147,1.39417,,10
166,38.2437,-88.0774,268.91,308.27,246.61,219.68,88.59,1041.7,477.21,46.9807,105.533,58.549,733.43,0.0583075,0,0,166,0.801735,1.2162,1.26451,1.00746,0.990856,0.843837,1.11677,1.03,1.21442,,10
169,38.7303,-88.1277,275.178,211.7,156.24,134.53,77.17,930.09,393.09,60.1205,127.16,67.0307,718.39,0.0976526,0,0,169,0.728838,0.650352,1.02423,1.11248,1.44207,0.851689,0.602387,1.08968,0.978525,,10
170,39.498,-88.1836,280.431,271.58,204.61,175.92,95.66,951.87,424.61,63.3317,132.151,68.809,680.29,0.0884635,0,0,170,1.26779,0.663908,0.937635,0.85781,0.665655,0.851215,0.556606,1.28889,0.917647,,10
171,39.9518,-88.1519,275.218,243.85,191.89,168.89,74.96,969.32,427.44,56.7395,122.107,65.36,725.47,0.0701689,0,0,171,0.911963,1.27445,0.761704,1.31924,1.3809,0.991414,0.683851,1.25729,1.09896,,10
174,36.6147,-87.879,254.772,240.15,186.45,162.41,77.74,978.18,424.08,51.6856,115.955,64.2653,738.03,0.0715905,0,0,174,0.60472,1.22485,1.07159,1.25103,0.905262,0.903424,0.739028,0.614474,0.816838,,10
175,37.2856,-88.024,267.184,159.31,113.09,97.44,61.87,966.44,386.3,42.6264,103.41,60.7794,807.13,0.107759,0,1,175,0.718625,0.509152,1.21499,1.44731,1.02815,0.740624,0.801624,0.800136,0.959606,,10
176,36.2939,-87.7975,248.936,281.9,224.02,198.45,83.45,1002.64,447.71,52.3378,110.555,58.2156,720.74,0.0716048,0,0,176,0.570127,0.786326,0.850778,0.877168,1.15714,1.05983,1.25452,0.532437,1.49882,,10
178,39.6977,-88.1465,274.103,219.85,174.47,154.28,65.57,982.86,421.45,49.6978,109.391,59.689,763.01,0.0882789,0,0,178,0.958656,0.789797,0.663061,1.23494,1.16723,1.34469,0.958974,1.22533,1.43414,,10
179,36.0643,-87.7793,247.173,228.9,184.44,163.28,65.62,1051.64,445.94,36.0804,91.7149,55.6354,822.74,0.0644357,0,0,179,1.30373,1.47367,0.987222,1.46622,0.894002,1.20224,1.22902,0.524911,0.897363,,10
180,37.5104,-87.9594,261.329,398.42,305.45,262.52,135.9,1015.33,496.95,62.2229,134.383,72.1449,616.91,0.0433535,0,0,180,1.23685,1.25387,1.01451,0.564791,1.23495,0.690202,0.527661,0.720727,0.64515,,10
181,35.8532,-87.8601,254.965,175.4,124.51,107.55,67.85,1046.02,413.22,30.4039,85.1926,54.7888,870.62,0.100912,0,1,181,0.525512,0.573225,1.16361,1.3528,1.12768,0.619521,1.16307,0.54082,0.875883,,10
184,39.318,-88.1833,278.23,227,176.72,155.59,71.41,1010.52,430.27,42.8655,99.4723,56.604,783.52,0.0958987,0,0,184,1.19224,0.590373,0.97862,1.06966,1.40825,1.14069,1.12997,1.32703,1.33291,,10
