# Drug name and concentration: 7: Diltiazem at 892.5Î¼M,,,,,,,,,,,,,,,,,,,,,,,,,,,,
# GNa:,,,,,,,,,,,,,,,,,,,,,,,,,,,,
#   EC50/IC50: Infinity,,,,,,,,,,,,,,,,,,,,,,,,,,,,
#   Hill Coefficient: 1,,,,,,,,,,,,,,,,,,,,,,,,,,,,
# GNaL:,,,,,,,,,,,,,,,,,,,,,,,,,,,,
#   EC50/IC50: Infinity,,,,,,,,,,,,,,,,,,,,,,,,,,,,
#   Hill Coefficient: 1,,,,,,,,,,,,,,,,,,,,,,,,,,,,
# Gto:,,,,,,,,,,,,,,,,,,,,,,,,,,,,
#   EC50/IC50: Infinity,,,,,,,,,,,,,,,,,,,,,,,,,,,,
#   Hill Coefficient: 1,,,,,,,,,,,,,,,,,,,,,,,,,,,,
# GKr:,,,,,,,,,,,,,,,,,,,,,,,,,,,,
#   EC50/IC50: 6569,,,,,,,,,,,,,,,,,,,,,,,,,,,,
#   Hill Coefficient: 0.8,,,,,,,,,,,,,,,,,,,,,,,,,,,,
# GKs:,,,,,,,,,,,,,,,,,,,,,,,,,,,,
#   EC50/IC50: Infinity,,,,,,,,,,,,,,,,,,,,,,,,,,,,
#   Hill Coefficient: 1,,,,,,,,,,,,,,,,,,,,,,,,,,,,
# GK1:,,,,,,,,,,,,,,,,,,,,,,,,,,,,
#   EC50/IC50: Infinity,,,,,,,,,,,,,,,,,,,,,,,,,,,,
#   Hill Coefficient: 1,,,,,,,,,,,,,,,,,,,,,,,,,,,,
# Gncx:,,,,,,,,,,,,,,,,,,,,,,,,,,,,
#   EC50/IC50: Infinity,,,,,,,,,,,,,,,,,,,,,,,,,,,,
#   Hill Coefficient: 1,,,,,,,,,,,,,,,,,,,,,,,,,,,,
# Pnak:,,,,,,,,,,,,,,,,,,,,,,,,,,,,
#   EC50/IC50: Infinity,,,,,,,,,,,,,,,,,,,,,,,,,,,,
#   Hill Coefficient: 1,,,,,,,,,,,,,,,,,,,,,,,,,,,,
# PCa:,,,,,,,,,,,,,,,,,,,,,,,,,,,,
#   EC50/IC50: 112,,,,,,,,,,,,,,,,,,,,,,,,,,,,
#   Hill Coefficient: 0.7,,,,,,,,,,,,,,,,,,,,,,,,,,,,
# Stimulus Phase: 0,,,,,,,,,,,,,,,,,,,,,,,,,,,,
#   Strength: 1,,,,,,,,,,,,,,,,,,,,,,,,,,,,
#   Duration: 0.5,,,,,,,,,,,,,,,,,,,,,,,,,,,,
#   Frequency: 2000,,,,,,,,,,,,,,,,,,,,,,,,,,,,
#   Cycles: 0,,,,,,,,,,,,,,,,,,,,,,,,,,,,
# Stimulus Phase: 1,,,,,,,,,,,,,,,,,,,,,,,,,,,,
#   Strength: 1,,,,,,,,,,,,,,,,,,,,,,,,,,,,
#   Duration: 0.5,,,,,,,,,,,,,,,,,,,,,,,,,,,,
#   Frequency: 2000,,,,,,,,,,,,,,,,,,,,,,,,,,,,
#   Cycles: 150,,,,,,,,,,,,,,,,,,,,,,,,,,,,
# Ca_o: 1.8,,,,,,,,,,,,,,,,,,,,,,,,,,,,
# K_o: 5.4,,,,,,,,,,,,,,,,,,,,,,,,,,,,
# Na_o: 140,,,,,,,,,,,,,,,,,,,,,,,,,,,,
Param#,Peak Voltage,RMP,Max Upstroke Velocity,APD1,APD2,APD3,Tri90-40,CTD90,CTD50,CaTamp,CaTmax,CaiD,EMw,qNet,EAD,Depolarization,Index,GNa,GNaL,Gto,GKr,GKs,GK1,Gncx,Pnak,PCa,cnet,dose
1,36.613,-87.9193,257.044,303.44,241.91,215.95,87.49,1031.99,467.84,47.8226,104.487,56.6629,728.55,0.0612872,0,0,1,1.25955,1.13245,1.4096,0.921915,1.27445,0.816716,1.36352,0.703243,1.14164,,7
2,37.2475,-88.0025,262.823,251.57,200.73,177.95,73.62,970.73,426.48,57.2996,118.102,60.799,719.16,0.0823254,0,0,2,1.08776,0.804707,1.37275,1.02163,0.660989,1.15547,1.00881,0.848511,1.21274,,7
4,38.2567,-88.0321,267.131,244.77,186.23,161.58,83.19,914.35,401.32,72.557,144.771,72.201,669.58,0.0777982,0,0,4,0.788933,1.07789,0.94939,1.12363,0.947599,0.779872,0.513344,0.870073,0.755705,,7
5,38.7377,-88.0893,271.115,219.43,165,144.04,75.39,938.61,401.11,59.9645,126.385,66.4132,719.18,0.0836014,0,0,5,1.22937,1.06536,0.956006,1.34837,0.619484,0.643933,0.648585,0.987129,0.859177,,7
7,37.7562,-87.9906,261.582,357.11,291.06,253.44,103.67,984.84,477.98,70.4229,143.217,72.7794,627.73,0.0489431,0,0,7,1.12734,1.21322,1.0768,0.59416,1.19831,1.4073,0.535858,0.835674,0.7209,,7
10,38.8702,-88.103,272.863,345.89,264.79,232.31,113.58,1044.79,486.78,48.9681,108.46,59.4888,698.9,0.0715341,0,0,10,0.754755,0.738202,0.883224,0.647699,0.953403,0.66055,1.04908,1.03994,1.00258,,7
11,36.3179,-87.83,249.784,257.3,210.43,186.66,70.64,1048.42,458.4,39.848,96.3763,56.5281,791.12,0.0656856,0,0,11,0.80391,1.26541,1.01014,1.10438,1.04747,1.42593,1.21314,0.58209,0.782922,,7
13,37.0384,-88.0041,262.931,222.28,174.89,153.32,68.96,970.25,413.63,52.1288,112.474,60.342,747.97,0.0927698,0,0,13,1.38171,0.653576,1.36462,1.00154,1.17733,1.34125,0.951589,0.823403,1.02888,,7
14,38.5746,-88.1407,274.534,274.56,210.65,184.94,89.62,987.98,441.33,54.176,118.579,64.3978,713.42,0.0663854,0,0,14,0.502533,1.3019,1.40423,1.1301,1.22046,0.581343,0.725196,1.13212,0.771478,,7
15,38.8837,-88.1176,271.335,342.51,283.62,251.74,90.77,1043.89,500.5,52.9874,117.438,64.4448,701.38,0.0417511,0,0,15,1.32584,1.4682,1.25093,0.796372,1.11965,1.38473,0.766849,1.20998,0.81169,,7
18,40.0057,-88.2184,282.444,399.2,309.41,269.33,129.87,1074.06,526.29,49.1175,115.576,66.4516,674.86,0.0401087,0,0,18,1.35251,1.34048,1.09712,0.598936,1.18766,0.681243,0.619567,1.44938,0.564899,,7
20,38.994,-88.0489,266.485,302.49,242.16,217.74,84.75,1050.59,477.7,44.3068,99.4696,55.1606,748.1,0.0521564,0,0,20,1.42391,1.38016,0.823026,1.08034,1.30752,0.730013,1.49315,0.964038,1.29249,,7
21,37.0074,-87.9607,261.061,266.88,203.26,176.55,90.33,1015.39,445.38,44.9846,107.256,62.2687,748.51,0.072101,0,0,21,1.45445,1.16984,1.2283,1.04432,1.08621,0.666436,0.793681,0.712182,0.571739,,7
22,38.8273,-88.0625,267.085,245.69,196.77,173.68,72.01,927.63,410.34,72.0003,138.596,66.5885,681.94,0.0879522,0,0,22,0.761214,0.601802,0.717928,0.911148,0.781716,1.49751,0.750619,0.973089,1.37017,,7
25,39.382,-88.1971,279.563,301.28,235.67,208.98,92.3,980.37,450.36,62.3358,126.105,63.7634,679.09,0.0701502,0,0,25,0.899575,0.981637,1.3318,0.919708,1.0115,0.733913,0.838232,1.40694,1.25977,,7
27,39.5808,-88.1221,272.995,358.92,290.3,256.43,102.49,1056.31,507.43,51.236,113.087,61.8458,697.39,0.0501723,0,0,27,0.815516,1.14146,0.795586,0.669027,1.07818,1.11744,0.921793,1.17398,0.995901,,7
28,39.8296,-88.139,273.495,354.15,290.25,256.13,98.02,1072.57,513.47,47.2602,108.097,60.8323,718.42,0.0555772,0,0,28,0.854672,1.02472,0.648055,0.639608,0.927037,1.39642,0.93724,1.21773,0.88723,,7
30,36.7848,-87.766,247.072,355.36,287.86,254.51,100.85,1037.82,494.12,54.5857,115.929,61.3407,682.46,0.0395522,0,0,30,1.05917,1.39563,0.733522,0.715208,1.24343,1.04644,1.10792,0.517388,1.05005,,7
31,37.706,-87.9356,258.79,226.26,174.4,154.43,71.83,1006.66,426.62,43.5433,99.7878,56.2434,780.4,0.0840587,0,0,31,1.12096,0.822285,0.671342,1.21236,0.610485,0.805366,1.24918,0.693148,1.13449,,7
32,39.7467,-88.1352,276.281,366.83,276.5,240.71,126.12,1003.97,478.2,63.028,127.212,64.1778,637.14,0.0740099,0,0,32,1.49599,0.551368,0.657084,0.516762,0.998886,0.672193,0.858383,1.14193,1.31535,,7
36,36.9582,-87.8362,250.013,250.74,204.95,183.84,66.9,991.3,435.67,52.4139,109.667,57.2513,740.56,0.0690508,0,0,36,1.41634,1.057,0.838061,1.15579,0.895024,1.32883,1.34997,0.607935,1.43534,,7
40,39.9744,-88.1774,278.474,332.62,265.01,236.12,96.5,1041.35,487.17,50.3991,108.244,57.8414,708.73,0.0735388,0,0,40,0.744339,0.675849,0.746487,0.749454,0.510079,0.888897,1.21937,1.33951,1.37053,,7
42,37.2567,-87.8879,254.611,221.33,175.15,154.43,66.9,1018.16,432.01,41.2208,98.9036,57.6817,796.83,0.0758099,0,0,42,1.20008,1.17544,0.754806,1.2999,1.25591,1.14585,1.08713,0.640316,0.85396,,7
45,40.4614,-88.1849,277.443,247.7,200.87,180.26,67.44,969.67,431.72,59.537,122.103,62.5611,721.97,0.0623863,0,0,45,1.43603,1.45633,0.89132,1.44239,0.996105,1.05435,0.880786,1.45477,1.41733,,7
46,39.7775,-88.0873,269.706,299.56,241.57,216.11,83.45,1047.41,477.9,45.3668,102.075,56.7054,747.85,0.0587793,0,0,46,0.520555,1.18902,0.568774,0.991482,1.14652,0.977829,1.29345,1.07875,1.22147,,7
48,39.3773,-88.2055,280.435,384.35,311.46,275.88,108.47,1077.07,527.19,49.2577,112.983,63.7199,692.72,0.0409968,0,0,48,0.875811,1.32957,1.44533,0.703702,0.692465,0.925904,0.760407,1.47106,0.727905,,7
49,36.7695,-87.8749,255.8,171.35,124.81,108.02,63.33,897.1,366.16,65.0625,133.564,68.4924,725.75,0.103049,0,1,49,0.75049,0.502431,0.726344,1.24037,0.723578,0.90769,0.592332,0.562983,0.845769,,7
50,39.2332,-88.055,268.071,312.98,248.51,220.52,92.46,1042.67,480.59,47.5744,107.77,60.1922,729.69,0.056829,0,0,50,1.10142,1.2227,0.61558,0.97047,0.559653,0.783285,0.996599,0.947879,0.923251,,7
52,37.7785,-88.0466,269.597,295.68,212.3,182.67,113.01,999.26,442.39,50.5622,112.328,61.7615,703.58,0.0887198,0,0,52,1.19088,0.562246,1.10254,0.686676,1.3672,0.508798,0.849273,0.852379,0.803879,,7
54,37.6251,-87.8413,250.599,279.56,230.92,205.56,74,963.16,441.06,67.1603,133.447,66.2808,683.6,0.0524924,0,0,54,0.627448,1.43951,0.681484,1.089,0.820124,1.48235,0.819086,0.624393,1.16368,,7
56,37.1559,-87.9352,257.905,213.4,169.17,150.01,63.39,978.88,414.98,49.4204,108.401,58.979,765.48,0.078623,0,0,56,1.28009,1.13011,1.13133,1.39828,0.864782,1.1005,1.05654,0.726855,1.10836,,7
58,39.2545,-88.198,279.853,362.81,290.88,255.62,107.19,1033.03,500.77,56.2306,124.907,68.6678,670.22,0.0451073,0,0,58,1.3071,1.36214,1.46698,0.746865,0.842035,0.913154,0.565496,1.42991,0.60293,,7
59,36.0542,-87.9172,256.857,253.53,198.79,172.29,81.24,990.27,431.12,50.2706,111.696,61.4233,736.74,0.0893576,0,0,59,1.45838,0.622397,1.42167,0.807756,0.579167,1.26232,0.876798,0.648329,0.768789,,7
60,38.5842,-88.1146,271.653,247.63,200.15,178.67,68.96,950.76,421.79,64.5676,129.079,64.5059,703.13,0.0680575,0,0,60,1.01102,1.32426,1.46153,1.33618,0.736779,1.08528,0.80661,1.18583,1.23575,,7
65,39.5217,-88.2114,280.898,358.72,283.88,253.2,105.52,1084.73,512.54,43.2073,99.6467,56.4365,726.01,0.0513723,0,0,65,0.597041,1.19478,1.34353,0.742339,1.41369,0.700464,1.28035,1.4744,1.0796,,7
67,36.4683,-87.9055,255.651,279.62,221.36,191,88.62,1040.6,460.25,41.9404,101.538,59.5963,760.98,0.0875421,0,0,67,0.655703,0.569071,0.931223,0.645672,0.811354,1.41718,0.94074,0.609107,0.610051,,7
71,38.1387,-88.1058,271.463,347.56,278.7,242.77,104.79,1011.2,482.57,59.623,127.692,68.0602,663.64,0.0568658,0,0,71,0.980899,1.12461,1.49458,0.614746,1.42961,1.18317,0.61743,1.10755,0.685777,,7
72,38.7968,-88.0489,268.315,182.88,137.34,119.31,63.57,902.07,375.16,66.2901,135.676,69.3752,719.19,0.0991507,0,1,72,1.48705,0.689768,0.575912,1.28468,1.11181,1.06974,0.553596,0.883968,0.863387,,7
73,39.3787,-88.1725,277.654,322.62,257.7,225.19,97.43,1010.49,475.23,56.2482,124.687,68.43,687.87,0.0600791,0,0,73,1.07437,1.17653,1.11786,0.812574,0.797394,1.06731,0.563166,1.3174,0.592015,,7
75,38.0829,-88.0922,268.813,334.24,275.74,244.51,89.73,1019.57,483.47,57.6993,120.659,62.9543,685.33,0.0619256,0,0,75,1.15215,0.975055,1.42687,0.691454,0.954387,1.44622,0.898104,1.09924,1.06717,,7
76,39.4198,-88.0684,269.024,256.93,198.32,176.43,80.5,1003.84,439.97,48.5781,106.605,58.0244,746.91,0.0739482,0,0,76,1.48942,1.01426,0.555402,1.18462,0.915158,0.630117,1.1537,0.958074,1.26603,,7
78,38.3916,-87.9481,259.043,325.9,263.6,234.93,90.97,1062.95,492.6,44.8045,101.484,56.6777,737.05,0.0496573,0,0,78,1.296,1.2811,0.619966,0.841006,1.33993,1.01765,1.35768,0.768192,1.09349,,7
81,37.7749,-88.0324,265.139,253.17,203.75,180.75,72.42,932.99,414.63,71.2133,137.24,66.0207,679.82,0.079433,0,0,81,0.616233,0.87881,1.29598,1.05079,0.518964,1.26965,0.789057,0.931004,1.30285,,7
82,39.5202,-88.0631,269.09,338.24,265.47,234.47,103.77,1016.95,479.45,57.4639,120.214,62.7445,678.71,0.058442,0,0,82,1.4347,1.00624,0.548337,0.76774,0.856035,0.774059,0.930421,0.96903,1.20234,,7
84,40.046,-88.191,278.374,262.54,212.28,189.92,72.62,932.71,422.48,74.9803,142.969,67.9805,670.17,0.0647314,0,0,84,1.0445,1.29363,1.13852,1.27299,0.703027,1.04413,0.696841,1.47964,1.47594,,7
85,38.0338,-88.1204,275.561,286.36,210.14,180.69,105.67,1020.21,449.04,44.8083,105.385,60.5734,733.85,0.0908512,0,0,85,0.508757,0.629764,1.43185,0.777197,0.617295,0.578645,0.85176,1.04329,0.663449,,7
86,38.1987,-87.9873,262.103,224.26,177.4,158.38,65.88,1006.31,428.55,44.2019,99.9821,55.7788,782.05,0.0777427,0,0,86,0.845667,1.06764,0.800064,1.37878,0.795554,0.931672,1.31395,0.817599,1.25278,,7
88,39.2891,-88.1786,277.729,357.04,286.16,253.67,103.37,1029.51,493.31,57.2431,118.376,61.1283,672.47,0.0599798,0,0,88,0.786113,0.917423,1.30085,0.609305,1.40175,1.02385,1.03424,1.39202,1.39132,,7
90,39.2672,-88.2091,282.572,164.66,120.53,104.86,59.8,936.21,379.36,51.951,114.401,62.4446,771.55,0.110894,0,1,90,1.16236,0.539142,1.23116,1.43133,0.638485,0.856884,0.73382,1.37272,1.01218,,7
91,39.4567,-88.1253,273.434,402.86,311.05,274.93,127.93,1031.54,507.56,61.9289,126.175,64.2399,628.68,0.0426622,0,0,91,0.664806,1.15245,0.942913,0.65246,0.834106,0.518517,0.91338,1.10404,1.3622,,7
92,38.9331,-88.0822,269.451,357.09,289.14,255.05,102.04,1072.32,509.08,46.4269,104.537,58.1064,715.23,0.0683148,0,0,92,0.925635,0.69504,0.69203,0.571745,0.744865,1.22244,1.17303,1.01389,1.02304,,7
95,37.5913,-88.0105,262.635,262.4,214.3,192.39,70.01,1000.8,443.65,51.0677,107.347,56.2772,738.4,0.0791989,0,0,95,1.36897,0.779578,1.22386,0.992425,1.04059,1.33547,1.40675,0.897374,1.4849,,7
96,37.1387,-87.9882,262.56,405.47,314.78,277.25,128.22,1027,502.77,62.1898,127.101,64.9055,621.53,0.0448034,0,0,96,0.952975,1.14575,1.48602,0.620709,0.74195,0.549433,0.889014,0.777914,1.06883,,7
97,37.182,-87.9981,263.263,199.3,152.79,132.15,67.15,887.1,373.37,75.0142,146.589,71.5627,687.8,0.0927129,0,0,97,0.544263,0.848014,1.33367,1.19047,1.35112,1.20634,0.525871,0.807098,0.821614,,7
99,38.868,-88.0582,267.734,251.44,199.23,175.91,75.53,1025.61,447.74,43.2942,101.147,57.8501,774.17,0.0800362,0,0,99,1.48017,0.892554,0.642486,1.05764,0.752089,1.11378,1.08344,0.951435,0.942444,,7
100,40.4407,-88.1801,277.732,368.45,296.23,260.88,107.57,1036.56,504.92,58.2412,122.78,64.532,668.11,0.0425714,0,0,100,1.14082,1.26822,0.805145,0.626923,1.45699,1.10822,0.809773,1.41503,1.19048,,7
101,36.9073,-87.9365,258.945,192.18,146.7,129.66,62.52,952.18,393.57,52.3999,111.209,58.8071,760,0.0953773,0,0,101,1.00608,0.615604,1.13543,1.26457,1.2786,0.957549,1.07681,0.695913,1.32805,,7
102,37.4471,-88.0395,266.997,257.91,194.35,171.15,86.76,952.49,416.67,61.6753,124.546,62.8663,694.58,0.0815313,0,0,102,0.809507,0.865092,1.47859,1.03856,1.2401,0.574524,0.890809,0.872975,1.18643,,7
103,37.9429,-88.0346,266.002,196.42,153.52,136.17,60.25,1015.99,419.32,38.5507,93.1726,54.6207,819.57,0.0892476,0,0,103,0.676695,0.945765,1.09453,1.45831,1.13446,1.02982,1.30862,0.902624,1.10015,,7
104,36.7846,-87.8719,252.436,320.63,266.74,238.97,81.66,991.61,466.91,64.5137,127.529,63.0108,670.98,0.0482889,0,0,104,0.724483,1.31644,1.28043,0.8829,0.924278,1.36316,1.05861,0.679227,1.38612,,7
105,37.459,-87.9997,266.318,188.48,131.19,112.93,75.55,962.07,392.47,46.356,108.25,61.8899,773.59,0.104028,0,1,105,0.698118,0.527181,0.986412,1.20201,0.721444,0.504026,0.776807,0.740234,0.778896,,7
106,38.9736,-88.1724,276.295,384.36,314.09,273.53,110.83,1015.69,503.4,65.5969,137.186,71.5771,631.33,0.0441685,0,0,106,1.01513,1.23057,1.47343,0.509884,1.31481,1.43409,0.520584,1.37788,0.724329,,7
107,39.8276,-88.1274,273.951,189.97,146.03,129.69,60.28,991.53,409.93,42.9315,99.4291,56.4949,801.56,0.0954854,0,0,107,0.865952,0.747715,0.523129,1.48583,0.504129,0.894979,1.14772,1.12539,1.28481,,7
108,39.0731,-88.104,270.629,314.01,256.09,229.28,84.73,1032.48,481.37,51.5896,112.396,60.802,718.47,0.047008,0,0,108,1.21957,1.47982,1.10937,1.03033,0.942208,0.983189,0.998464,1.14726,1.08781,,7
110,38.8495,-88.1663,277.581,216.7,164.71,146.24,70.46,1018.21,425.53,39.413,93.6302,54.2156,801.51,0.0915398,0,0,110,0.590524,0.858706,1.31048,1.35847,1.08113,0.611643,1.34695,1.2369,1.16978,,7
111,36.9642,-87.8909,256.266,356.58,280.6,244.37,112.21,1058.84,497.37,47.3195,108.107,60.785,702.26,0.0627119,0,0,111,0.702169,0.875683,0.826757,0.567886,1.03236,0.946625,0.976749,0.619256,0.735471,,7
112,39.6186,-88.1973,278.548,305.39,247.53,219.07,86.32,1053.64,483.34,44.5979,103.095,58.4936,748.25,0.0696617,0,0,112,0.997499,0.962612,1.04206,0.783994,1.39063,1.31242,1.03694,1.44511,0.927736,,7
113,37.6761,-88.0003,262.957,374.82,304.44,267.83,106.99,1027.2,498.47,60.4839,123.577,63.0872,652.38,0.0546368,0,0,113,0.889764,0.925772,1.20248,0.503982,1.30399,1.25974,0.984139,0.862762,1.23091,,7
114,39.0848,-88.1066,270.689,322.17,265.26,237.39,84.78,1008.23,476.18,60.039,122.816,62.7714,686.06,0.0569422,0,0,114,0.609325,1.1182,1.05403,0.892502,0.542754,1.21816,0.945928,1.16281,1.32442,,7
115,37.474,-88.0277,265.16,302.49,244.08,218.37,84.12,1058.49,478.88,42.2494,97.1946,54.9438,756,0.0685903,0,0,115,1.06938,0.988525,1.38453,0.936753,0.588276,0.935212,1.4364,0.908824,1.0301,,7
119,35.6354,-87.8042,248.729,258.92,209.73,186.15,72.77,1014.26,444.62,46.8577,104.058,57.2005,755.34,0.0737973,0,0,119,0.930635,0.95262,1.27305,1.01038,0.604925,1.28492,1.24013,0.544328,1.00684,,7
121,37.8818,-87.9084,256.278,239.38,183.14,161.43,77.95,926.06,403.87,69.2649,136.733,67.4612,686.68,0.0650014,0,0,121,0.917,1.41491,0.727739,1.36217,1.42256,0.592624,0.717898,0.644372,1.11268,,7
122,39.9531,-88.2175,281.642,358.64,283.25,247.49,111.15,1032.71,494.71,55.8915,120.162,64.2648,674.07,0.0634943,0,0,122,0.578183,0.884188,1.02691,0.578784,1.1736,1.00906,0.75672,1.49817,0.951782,,7
124,38.1267,-87.9351,257.29,364.95,304.62,272.27,92.68,1028.13,501.44,61.2241,123.79,62.5602,663.18,0.0361369,0,0,124,1.09325,1.37366,0.912212,0.726496,0.934507,1.38827,1.10113,0.786974,1.447,,7
125,37.2261,-87.9575,260.981,400.94,318.81,281.58,119.36,1041.88,509.85,58.483,119.782,61.2936,640.94,0.0468554,0,0,125,0.772684,1.03002,1.33915,0.540117,1.09935,0.819233,1.15443,0.770623,1.31686,,7
126,39.0025,-88.105,271.325,254.57,203.35,181.6,72.97,1015.86,447.26,46.4572,104.69,58.23,761.29,0.0657441,0,0,126,1.41273,1.34619,1.05067,1.32468,0.884545,0.862863,1.09612,1.11144,1.07781,,7
127,38.9679,-88.1603,277.697,181.45,135.52,117.96,63.49,979.7,401.72,43.2547,103.538,60.2794,798.25,0.0988684,0,1,127,1.36448,0.871053,1.1704,1.48263,1.07193,0.825449,0.826569,1.20331,0.824677,,7
128,38.5436,-88.063,267.142,279.06,227.45,203.45,75.61,1025.01,461.12,47.8688,104.974,57.1021,745.95,0.0682377,0,0,128,0.909111,1.048,1.00444,0.985587,1.33116,1.25336,1.26316,1.02673,1.2439,,7
129,39.3825,-88.1572,274.497,326.4,261.08,235.49,90.91,1059.27,491.56,45.3558,100.866,55.5074,732.87,0.048422,0,0,129,1.27613,1.38285,1.1573,1.01834,1.15192,0.625809,1.45996,1.25637,1.34912,,7
135,37.1757,-87.9156,256.72,273.99,217.91,189.61,84.38,943.65,425.42,69.1987,138.647,69.4386,669.66,0.0767869,0,0,135,1.35573,0.835445,0.845418,0.818688,0.713993,1.32377,0.624388,0.665588,0.840172,,7
137,38.8343,-88.0633,269.175,419.36,337,300.45,118.91,1113.84,548.26,44.2442,100.349,56.1022,694.48,0.0466479,0,0,137,0.542,0.966512,0.833964,0.590157,0.511702,0.765983,1.46394,0.985041,1.14621,,7
140,39.4251,-88.1674,276.214,283.71,218.33,192.25,91.46,955.61,434.49,66.6065,135.416,68.8004,671.9,0.057964,0,0,140,1.33615,1.45013,1.14727,1.13885,1.49803,0.562476,0.611416,1.22316,0.932913,,7
142,39.595,-88.0792,269.376,298.96,239.32,212.75,86.21,997.31,459.19,58.2929,120.118,61.8201,698.35,0.0617854,0,0,142,0.529911,1.08834,0.656613,0.900076,1.38112,1.03726,0.986852,1.05653,1.37866,,7
143,39.238,-88.118,271.256,232.1,188.91,168.54,63.56,973.31,425.55,55.2969,116.88,61.5785,741.21,0.0728147,0,0,143,0.939201,1.24489,1.00188,1.37089,0.857438,1.37638,0.901543,1.19844,1.19602,,7
145,38.0446,-88.093,270.818,261.18,199.75,178.24,82.94,990.4,433.03,51.3441,108.426,57.0791,729.22,0.0821548,0,0,145,0.634499,0.816889,1.40207,1.09951,0.974509,0.546545,1.27526,1.01236,1.41083,,7
154,40.1608,-88.1601,276.338,329.12,261.15,230.47,98.65,1056.6,491.84,46.3232,105.063,58.7365,727.48,0.0654795,0,0,154,1.21882,0.908848,0.590631,0.707546,1.26733,1.00264,1.07231,1.27178,1.04328,,7
155,36.1279,-87.8066,249.836,354.32,284.01,247.05,107.27,1070.51,502.05,44.778,105.393,60.6134,716.19,0.0615501,0,0,155,1.12606,0.915609,0.856054,0.544246,1.05866,1.17869,0.969928,0.513535,0.621268,,7
156,39.9279,-88.1096,270.51,333.73,273.44,242.74,90.99,1084.63,508.16,42.1128,99.484,57.3682,750.9,0.0527187,0,0,156,1.14509,1.18263,0.536778,0.733882,1.39416,1.36801,1.18731,1.15181,0.954897,,7
157,38.9456,-88.0945,269.768,250.07,201.3,179.67,70.4,1024.03,446.74,43.7004,98.8122,55.1095,773.96,0.0823702,0,0,157,0.884287,0.798471,0.81481,1.02571,1.49174,1.27424,1.37752,1.08416,1.27953,,7
159,39.654,-88.0295,265.801,410.72,333.69,297.79,112.93,1087.85,541.26,50.8822,110.964,60.0773,677.13,0.0245545,0,0,159,1.31269,1.4872,0.597698,0.698641,0.676277,0.836091,1.19468,0.935982,1.24714,,7
164,39.2323,-88.0941,269.485,334.07,268.91,243.01,91.06,1055.8,494.57,47.5354,103.808,56.2698,721.73,0.0438451,0,0,164,1.46776,1.42815,0.944031,1.0516,0.655054,0.618485,1.4498,1.06147,1.39417,,7
166,38.3406,-88.0733,268.594,301.45,241.81,216.24,85.21,1017.08,466.07,52.5183,111.954,59.4327,715.63,0.0594565,0,0,166,0.801735,1.2162,1.26451,1.00746,0.990856,0.843837,1.11677,1.03,1.21442,,7
169,38.8055,-88.1239,274.877,207.64,154.29,133.88,73.76,909.33,383.89,67.6472,135.675,68.0186,701.69,0.0982483,0,0,169,0.728838,0.650352,1.02423,1.11248,1.44207,0.851689,0.602387,1.08968,0.978525,,7
170,39.5682,-88.1799,280.11,266.1,201.47,174.4,91.7,931.06,414.81,70.6607,140.551,69.8798,664.96,0.0891122,0,0,170,1.26779,0.663908,0.937635,0.85781,0.665655,0.851215,0.556606,1.28889,0.917647,,7
171,40.064,-88.1487,274.948,237.07,187.04,165.37,71.7,946.77,416.3,63.3303,129.605,66.267,709.7,0.0715955,0,0,171,0.911963,1.27445,0.761704,1.31924,1.3809,0.991414,0.683851,1.25729,1.09896,,7
174,36.7015,-87.8756,254.561,232.85,181.11,158.49,74.36,954.91,412.75,57.8817,122.981,65.0947,722.06,0.0731962,0,0,174,0.60472,1.22485,1.07159,1.25103,0.905262,0.903424,0.739028,0.614474,0.816838,,7
175,37.3545,-88.0207,266.874,156.59,112.2,97.46,59.13,943.11,377.46,48.5856,110.022,61.4321,786.52,0.108248,0,1,175,0.718625,0.509152,1.21499,1.44731,1.02815,0.740624,0.801624,0.800136,0.959606,,7
176,36.462,-87.7902,248.125,278.04,221.82,197.54,80.5,977.1,437.47,59.4352,118.86,59.4228,699.06,0.071965,0,0,176,0.570127,0.786326,0.850778,0.877168,1.15714,1.05983,1.25452,0.532437,1.49882,,7
178,39.8313,-88.1415,273.722,216.21,172.44,153.42,62.79,959.54,411.88,56.0754,116.692,60.6123,743.33,0.0886664,0,0,178,0.958656,0.789797,0.663061,1.23494,1.16723,1.34469,0.958974,1.22533,1.43414,,7
179,36.1586,-87.776,246.896,221.63,178.75,158.79,62.84,1025.08,434.65,40.3909,96.6156,56.2253,803.45,0.0662553,0,0,179,1.30373,1.47367,0.987222,1.46622,0.894002,1.20224,1.22902,0.524911,0.897363,,7
180,37.5784,-87.9562,261.163,390.45,299.84,258.46,131.99,992.83,484.78,68.9437,142.122,73.1633,602.38,0.0446775,0,0,180,1.23685,1.25387,1.01451,0.564791,1.23495,0.690202,0.527661,0.720727,0.64515,,7
181,35.9282,-87.8569,254.702,171.74,122.86,106.88,64.86,1017.05,404.04,34.6175,89.9261,55.3085,845.31,0.10157,0,1,181,0.525512,0.573225,1.16361,1.3528,1.12768,0.619521,1.16307,0.54082,0.875883,,7
184,39.4072,-88.1785,277.787,224.34,175.8,155.84,68.5,986.81,421.65,48.4562,105.872,57.413,762.47,0.0960033,0,0,184,1.19224,0.590373,0.97862,1.06966,1.40825,1.14069,1.12997,1.32703,1.33291,,7
