# Drug name and concentration: 12: Dofetilide at 42Î¼M,,,,,,,,,,,,,,,,,,,,,,,,,,,,
# GNa:,,,,,,,,,,,,,,,,,,,,,,,,,,,,
#   EC50/IC50: Infinity,,,,,,,,,,,,,,,,,,,,,,,,,,,,
#   Hill Coefficient: 1,,,,,,,,,,,,,,,,,,,,,,,,,,,,
# GNaL:,,,,,,,,,,,,,,,,,,,,,,,,,,,,
#   EC50/IC50: Infinity,,,,,,,,,,,,,,,,,,,,,,,,,,,,
#   Hill Coefficient: 1,,,,,,,,,,,,,,,,,,,,,,,,,,,,
# Gto:,,,,,,,,,,,,,,,,,,,,,,,,,,,,
#   EC50/IC50: Infinity,,,,,,,,,,,,,,,,,,,,,,,,,,,,
#   Hill Coefficient: 1,,,,,,,,,,,,,,,,,,,,,,,,,,,,
# GKr:,,,,,,,,,,,,,,,,,,,,,,,,,,,,
#   EC50/IC50: 1,,,,,,,,,,,,,,,,,,,,,,,,,,,,
#   Hill Coefficient: 0.6,,,,,,,,,,,,,,,,,,,,,,,,,,,,
# GKs:,,,,,,,,,,,,,,,,,,,,,,,,,,,,
#   EC50/IC50: Infinity,,,,,,,,,,,,,,,,,,,,,,,,,,,,
#   Hill Coefficient: 1,,,,,,,,,,,,,,,,,,,,,,,,,,,,
# GK1:,,,,,,,,,,,,,,,,,,,,,,,,,,,,
#   EC50/IC50: Infinity,,,,,,,,,,,,,,,,,,,,,,,,,,,,
#   Hill Coefficient: 1,,,,,,,,,,,,,,,,,,,,,,,,,,,,
# Gncx:,,,,,,,,,,,,,,,,,,,,,,,,,,,,
#   EC50/IC50: Infinity,,,,,,,,,,,,,,,,,,,,,,,,,,,,
#   Hill Coefficient: 1,,,,,,,,,,,,,,,,,,,,,,,,,,,,
# Pnak:,,,,,,,,,,,,,,,,,,,,,,,,,,,,
#   EC50/IC50: Infinity,,,,,,,,,,,,,,,,,,,,,,,,,,,,
#   Hill Coefficient: 1,,,,,,,,,,,,,,,,,,,,,,,,,,,,
# PCa:,,,,,,,,,,,,,,,,,,,,,,,,,,,,
#   EC50/IC50: Infinity,,,,,,,,,,,,,,,,,,,,,,,,,,,,
#   Hill Coefficient: 1,,,,,,,,,,,,,,,,,,,,,,,,,,,,
# Stimulus Phase: 0,,,,,,,,,,,,,,,,,,,,,,,,,,,,
#   Strength: 1,,,,,,,,,,,,,,,,,,,,,,,,,,,,
#   Duration: 0.5,,,,,,,,,,,,,,,,,,,,,,,,,,,,
#   Frequency: 2000,,,,,,,,,,,,,,,,,,,,,,,,,,,,
#   Cycles: 0,,,,,,,,,,,,,,,,,,,,,,,,,,,,
# Stimulus Phase: 1,,,,,,,,,,,,,,,,,,,,,,,,,,,,
#   Strength: 1,,,,,,,,,,,,,,,,,,,,,,,,,,,,
#   Duration: 0.5,,,,,,,,,,,,,,,,,,,,,,,,,,,,
#   Frequency: 2000,,,,,,,,,,,,,,,,,,,,,,,,,,,,
#   Cycles: 150,,,,,,,,,,,,,,,,,,,,,,,,,,,,
# Ca_o: 1.8,,,,,,,,,,,,,,,,,,,,,,,,,,,,
# K_o: 5.4,,,,,,,,,,,,,,,,,,,,,,,,,,,,
# Na_o: 140,,,,,,,,,,,,,,,,,,,,,,,,,,,,
Param#,Peak Voltage,RMP,Max Upstroke Velocity,APD1,APD2,APD3,Tri90-40,CTD90,CTD50,CaTamp,CaTmax,CaiD,EMw,qNet,EAD,Depolarization,Index,GNa,GNaL,Gto,GKr,GKs,GK1,Gncx,Pnak,PCa,cnet,dose
1,41.4701,-87.825,250.782,1109.83,966.03,912.64,197.19,1316.81,894.41,235.312,308.365,73.0673,206.98,-0.0219231,1,0,1,1.25955,1.13245,1.4096,0.921915,1.27445,0.816716,1.36352,0.703243,1.14164,,20
2,41.6986,-87.9031,256.669,1125.7,984.1,913.21,212.49,1252.41,218.86,386.6,464.788,78.1932,126.71,-0.0212473,1,0,2,1.08776,0.804707,1.37275,1.02163,0.660989,1.15547,1.00881,0.848511,1.21274,,20
4,41.5554,-87.9832,264.74,671.93,477.39,379.36,292.57,893.96,274.66,289.588,378.33,88.7256,222.03,0.00418952,0,0,4,0.788933,1.07789,0.94939,1.12363,0.947599,0.779872,0.513344,0.870073,0.755705,,20
5,42.688,-88.039,268.302,750.74,532.38,417.38,333.36,994.27,330.02,230.831,312.892,82.0462,243.53,-0.00872074,0,0,5,1.22937,1.06536,0.956006,1.34837,0.619484,0.643933,0.648585,0.987129,0.859177,,20
7,41.441,-87.9445,259.684,639.81,482.01,379.09,260.72,901.67,289.54,271.936,359.601,87.6494,261.86,0.00112428,0,0,7,1.12734,1.21322,1.0768,0.59416,1.19831,1.4073,0.535858,0.835674,0.7209,,20
10,42.8877,-88.0395,266.989,1183.93,994.78,923.49,260.44,1405.48,955.28,183.262,256.931,73.3402,221.55,-0.0119801,1,0,10,0.754755,0.738202,0.883224,0.647699,0.953403,0.66055,1.04908,1.03994,1.00258,,20
11,41.3014,-87.7644,246.813,652.84,512.58,399.52,253.32,1015.55,523.37,144.766,216.922,72.1451,362.71,-0.00353279,0,0,11,0.80391,1.26541,1.01014,1.10438,1.04747,1.42593,1.21314,0.58209,0.782922,,20
13,40.4407,-87.9241,257.737,575.05,443.32,361.9,213.15,853.83,331.59,234.289,313.343,79.0404,278.78,0.0262791,0,0,13,1.38171,0.653576,1.36462,1.00154,1.17733,1.34125,0.951589,0.823403,1.02888,,20
14,41.853,-88.0968,271.707,693.15,478.38,377.48,315.67,980.08,412.49,175.687,254.12,78.4212,286.93,-0.00530618,0,0,14,0.502533,1.3019,1.40423,1.1301,1.22046,0.581343,0.725196,1.13212,0.771478,,20
15,43.5748,-88.0751,268.729,673.14,511.36,401.59,271.55,1019.37,436.36,166.318,243.223,76.894,346.23,-0.0187361,0,0,15,1.32584,1.4682,1.25093,0.796372,1.11965,1.38473,0.766849,1.20998,0.81169,,20
18,42.8068,-88.1916,280.343,736.24,508.17,392.22,344.02,1091.98,623.4,123.177,199.027,75.8413,355.74,-0.00928888,0,0,18,1.35251,1.34048,1.09712,0.598936,1.18766,0.681243,0.619567,1.44938,0.564899,,20
20,44.6256,-87.969,258.156,1002.72,842.92,783.19,219.53,1242.75,803.02,197.36,267.927,70.5581,240.03,-0.0391491,1,0,20,1.42391,1.38016,0.823026,1.08034,1.30752,0.730013,1.49315,0.964038,1.29249,,20
21,39.3916,-87.9117,258.903,682.46,492.43,387.03,295.43,1012.97,531.6,141.426,217.724,76.2869,330.51,0.00597095,0,0,21,1.45445,1.16984,1.2283,1.04432,1.08621,0.666436,0.793681,0.712182,0.571739,,20
22,43.7371,-87.9879,262.271,671.99,497.71,400.76,271.23,861.33,233.05,380.486,465.05,84.5497,189.34,0.00874672,0,0,22,0.761214,0.601802,0.717928,0.911148,0.781716,1.49751,0.750619,0.973089,1.37017,,20
25,43.5212,-88.1401,274.083,955.5,491.19,378.59,576.91,1109.58,246.15,310.27,389.388,78.6573,154.08,-0.000143197,0,0,25,0.899575,0.981637,1.3318,0.919708,1.0115,0.733913,0.838232,1.40694,1.25977,,20
27,44.7766,-88.0709,268.864,778.22,534,395.99,382.23,1109.35,454.39,158.68,232.258,73.5666,331.13,-0.0129035,0,0,27,0.815516,1.14146,0.795586,0.669027,1.07818,1.11744,0.921793,1.17398,0.995901,,20
28,44.8211,-88.0912,270.18,726.2,540.64,408.26,317.94,1109.32,647.09,132.716,204.737,72.0118,383.12,-0.00592149,0,0,28,0.854672,1.02472,0.648055,0.639608,0.927037,1.39642,0.93724,1.21773,0.88723,,20
30,42.1722,-87.659,240.548,1071.18,921.5,853.11,218.07,1228.59,250.09,321.165,398.43,77.2578,157.41,-0.0315624,1,0,30,1.05917,1.39563,0.733522,0.715208,1.24343,1.04644,1.10792,0.517388,1.05005,,20
31,42.8774,-87.8343,251.666,1153.07,978.04,893.8,259.27,1339.45,784.32,235.493,308.727,73.2258,186.38,-0.0247526,1,0,31,1.12096,0.822285,0.671342,1.21236,0.610485,0.805366,1.24918,0.693148,1.13449,,20
32,43.3396,-88.058,267.528,1098.65,882.02,815.69,282.96,1167.46,202.4,458.799,540.006,81.2016,68.81,-0.0117281,1,0,32,1.49599,0.551368,0.657084,0.516762,0.998886,0.672193,0.858383,1.14193,1.31535,,20
36,42.5795,-87.6987,242.058,1019.71,886.3,819.55,200.16,1147.35,227.1,402.616,479.368,76.7424,127.64,-0.0322945,1,0,36,1.41634,1.057,0.838061,1.15579,0.895024,1.32883,1.34997,0.607935,1.43534,,20
40,30.9719,-88.1344,79.9825,1058.97,922.56,759.53,299.44,717.7,647.82,26.7563,166.717,65.8424,-341.27,0.0476155,1,0,40,0.744339,0.675849,0.746487,0.749454,0.510079,0.888897,1.21937,1.33951,1.37053,,20
42,42.4345,-87.814,250.865,609.23,456.12,364.96,244.27,942.82,428.22,168.352,243.203,74.8395,333.59,0.00487834,0,0,42,1.20008,1.17544,0.754806,1.2999,1.25591,1.14585,1.08713,0.640316,0.85396,,20
45,46.5696,-88.1265,273.04,739.84,502.55,403.87,335.97,992.3,299.6,252.149,329.916,77.7567,252.46,-0.0362293,0,0,45,1.43603,1.45633,0.89132,1.44239,0.996105,1.05435,0.880786,1.45477,1.41733,,20
46,44.9478,-87.9931,261.812,1043.29,903.75,849.67,193.62,1266.09,830.73,232.637,305.853,73.2204,222.8,-0.0319493,1,0,46,0.520555,1.18902,0.568774,0.991482,1.14652,0.977829,1.29345,1.07875,1.22147,,20
48,43.1782,-88.1751,278.416,839.83,626.29,461.01,378.82,1200.07,736.77,127.91,201.151,73.2322,360.24,-0.0291176,0,0,48,0.875811,1.32957,1.44533,0.703702,0.692465,0.925904,0.760407,1.47106,0.727905,,20
49,40.3321,-87.7977,252.316,609.45,447.46,363.89,245.56,792.63,236.89,372.145,463.44,91.277,183.18,0.033107,0,0,49,0.75049,0.502431,0.726344,1.24037,0.723578,0.90769,0.592332,0.562983,0.845769,,20
50,44.6871,-87.9966,263.352,1261.61,1075.27,976.27,285.34,1504.78,1031.6,164.604,237.271,72.6634,243.17,-0.0458965,1,0,50,1.10142,1.2227,0.61558,0.97047,0.559653,0.783285,0.996599,0.947879,0.923251,,20
52,40.3143,-87.9876,265.668,672.46,435.38,342.79,329.67,936.03,415.64,173.041,250.027,76.9737,263.57,0.0349951,0,0,52,1.19088,0.562246,1.10254,0.686676,1.3672,0.508798,0.849273,0.852379,0.803879,,20
54,44.0902,-87.7725,247.524,788.47,555.27,425.65,362.82,985.48,240.22,359.035,442.158,83.1053,197.01,-0.0306687,0,0,54,0.627448,1.43951,0.681484,1.089,0.820124,1.48235,0.819086,0.624393,1.16368,,20
56,42.4766,-87.8559,253.677,696.69,518.69,404.29,292.4,954.92,331.84,234.226,311.545,77.3055,258.23,-0.00925485,0,0,56,1.28009,1.13011,1.13133,1.39828,0.864782,1.1005,1.05654,0.726855,1.10836,,20
58,42.0679,-88.1708,278.568,745.08,553.66,429.62,315.46,1085.49,487.2,151.123,229.926,78.7923,340.41,-0.0180551,0,0,58,1.3071,1.36214,1.46698,0.746865,0.842035,0.913154,0.565496,1.42991,0.60293,,20
59,38.5907,-87.855,253.909,725.25,574.18,430.81,294.44,1028.94,400.19,187.735,265.08,77.3298,303.69,0.0164163,0,0,59,1.45838,0.622397,1.42167,0.807756,0.579167,1.26232,0.876798,0.648329,0.768789,,20
60,44.1446,-88.0576,268.111,773.92,554.61,431.98,341.94,1008.77,276.88,275.423,355.231,79.7958,234.85,-0.0304951,0,0,60,1.01102,1.32426,1.46153,1.33618,0.736779,1.08528,0.80661,1.18583,1.23575,,20
65,44.1864,-88.1702,275.674,835.34,539.85,384.18,451.16,1186.64,723.37,114.435,181.169,66.7276,351.3,-0.0133913,0,0,65,0.597041,1.19478,1.34353,0.742339,1.41369,0.700464,1.28035,1.4744,1.0796,,20
67,38.7957,-87.8493,252.888,642.61,510.37,397.8,244.81,1026.42,558.44,131.956,205.532,73.5651,383.81,0.0311625,0,0,67,0.655703,0.569071,0.931223,0.645672,0.811354,1.41718,0.94074,0.609107,0.610051,,20
71,40.2473,-88.0614,268.686,612.68,458.82,364.13,248.55,927.48,381.05,194.061,275.863,81.7899,314.8,0.0109602,0,0,71,0.980899,1.12461,1.49458,0.614746,1.42961,1.18317,0.61743,1.10755,0.685777,,20
72,42.2816,-87.9822,264.646,549.51,406.93,337.68,211.83,781.36,259.9,318.596,408.393,89.7807,231.85,0.0309728,0,0,72,1.48705,0.689768,0.575912,1.28468,1.11181,1.06974,0.553596,0.883968,0.863387,,20
73,41.9401,-88.1432,276.184,702.36,533.16,419.24,283.12,1056.48,542.3,151.347,230.608,79.2491,354.12,-0.00600994,0,0,73,1.07437,1.17653,1.11786,0.812574,0.797394,1.06731,0.563166,1.3174,0.592015,,20
75,42.4491,-88.0336,265.191,725.23,543.84,408.24,316.99,1022.37,368.85,205.63,282.141,76.4986,297.14,-0.00424476,0,0,75,1.15215,0.975055,1.42687,0.691454,0.954387,1.44622,0.898104,1.09924,1.06717,,20
76,44.175,-87.9877,260.9,1084.14,905.09,844.34,239.8,1229.14,256.14,299.79,375.731,75.9362,145,-0.0309689,1,0,76,1.48942,1.01426,0.555402,1.18462,0.915158,0.630117,1.1537,0.958074,1.26603,,20
78,44.5547,-87.8672,254.021,1062.22,922.85,865.39,196.83,1364.75,937.18,169.74,240.296,71.0676,302.53,-0.0242464,1,0,78,1.296,1.2811,0.619966,0.841006,1.33993,1.01765,1.35768,0.768192,1.09349,,20
81,42.7224,-87.9406,259.207,1124.31,978.41,901.83,222.48,1215.62,190.17,524.244,605.602,81.3539,91.31,-0.0347997,1,0,81,0.616233,0.87881,1.29598,1.05079,0.518964,1.26965,0.789057,0.931004,1.30285,,20
82,44.5095,-87.9938,262.322,1125.37,910.73,814,311.37,1290.4,266.96,277.087,353.447,76.3491,165.03,-0.0321683,1,0,82,1.4347,1.00624,0.548337,0.76774,0.856035,0.774059,0.930421,0.96903,1.20234,,20
84,45.3984,-88.1167,271.971,1053.68,908.14,848.54,205.14,1133.24,182.62,582.205,665.979,83.7711,79.56,-0.0553249,1,0,84,1.0445,1.29363,1.13852,1.27299,0.703027,1.04413,0.696841,1.47964,1.47594,,20
85,39.7268,-88.0769,272.792,821.85,592.22,431.86,389.99,1144.57,668.28,123.88,196.19,72.3002,322.72,0.0159675,0,0,85,0.508757,0.629764,1.43185,0.777197,0.617295,0.578645,0.85176,1.04329,0.663449,,20
86,43.3353,-87.8785,254.55,1088.22,944.38,883.25,204.97,1260.93,267.09,284.409,358.827,74.4211,172.71,-0.031065,1,0,86,0.845667,1.06764,0.800064,1.37878,0.795554,0.931672,1.31395,0.817599,1.25278,,20
88,43.6314,-88.0977,270.461,731.06,451.26,355.6,375.46,912.41,260.38,294.99,372.657,77.7409,181.35,0.00382585,0,0,88,0.786113,0.917423,1.30085,0.609305,1.40175,1.02385,1.03424,1.39202,1.39132,,20
90,41.9613,-88.1458,277.673,637.37,474.75,387.16,250.21,910.53,345.76,222.372,302.472,80.0863,273.16,0.0234923,0,0,90,1.16236,0.539142,1.23116,1.43133,0.638485,0.856884,0.73382,1.37272,1.01218,,20
91,22.9729,-88.0984,79.9681,480.29,331.91,241.61,238.68,189.7,165.79,10.7196,167.131,72.2566,-290.59,0.0637996,0,0,91,0.664806,1.15245,0.942913,0.65246,0.834106,0.518517,0.91338,1.10404,1.3622,,20
92,43.5121,-87.9933,262.442,1149.36,992.75,899.71,249.65,1420.54,936.24,165.576,236.659,71.0754,271.18,-0.0177407,1,0,92,0.925635,0.69504,0.69203,0.571745,0.744865,1.22244,1.17303,1.01389,1.02304,,20
95,42.4034,-87.8744,253.124,1026.26,902.61,846.23,180.03,1157.52,223.33,396.492,472.782,76.2955,131.26,-0.0200129,1,0,95,1.36897,0.779578,1.22386,0.992425,1.04059,1.33547,1.40675,0.897374,1.4849,,20
96,28.3477,-87.9588,80.0456,488.79,325.8,232.73,256.06,154.39,136.44,4.90254,167.98,72.5575,-334.4,0.0687924,0,0,96,0.952975,1.14575,1.48602,0.620709,0.74195,0.549433,0.889014,0.777914,1.06883,,20
97,39.822,-87.9305,259.704,534.38,406.68,337.61,196.77,744.32,236.67,371.418,464.592,93.1584,209.94,0.0293102,0,0,97,0.544263,0.848014,1.33367,1.19047,1.35112,1.20634,0.525871,0.807098,0.821614,,20
99,44.0285,-87.9988,264.12,738.2,548.25,413.13,325.07,1096.22,620.3,139.255,210.645,71.3791,358.02,-0.00165138,0,0,99,1.48017,0.892554,0.642486,1.05764,0.752089,1.11378,1.08344,0.951435,0.942444,,20
100,45.7212,-88.1256,273.18,732.83,470.94,367.5,365.33,1007.25,348.81,218.971,296.622,77.6405,274.42,-0.0160179,0,0,100,1.14082,1.26822,0.805145,0.626923,1.45699,1.10822,0.809773,1.41503,1.19048,,20
101,41.6469,-87.8343,253.403,592.21,430.22,355.2,237.01,788.59,265.62,316.72,397.36,80.6284,196.38,0.0226501,0,0,101,1.00608,0.615604,1.13543,1.26457,1.2786,0.957549,1.07681,0.695913,1.32805,,20
102,41.6128,-87.9704,262.312,718.49,469.28,369.04,349.45,894.63,278.76,286.166,366.877,80.6978,176.14,0.00794099,0,0,102,0.809507,0.865092,1.47859,1.03856,1.2401,0.574524,0.890809,0.872975,1.18643,,20
103,42.7942,-87.9545,260.442,624.79,467.52,374.94,249.85,964.32,465.01,155.797,226.847,71.0402,339.53,0.00718292,0,0,103,0.676695,0.945765,1.09453,1.45831,1.13446,1.02982,1.30862,0.902624,1.10015,,20
104,42.8121,-87.7656,246.15,1034.66,889.88,809.36,225.3,1158.15,216.7,431.166,510.064,78.8881,123.49,-0.0428706,1,0,104,0.724483,1.31644,1.28043,0.8829,0.924278,1.36316,1.05861,0.679227,1.38612,,20
105,40.2214,-87.9315,262.575,698.09,478.52,376.65,321.44,945.82,379.57,197.75,277.355,79.5903,247.73,0.0291342,0,0,105,0.698118,0.527181,0.986412,1.20201,0.721444,0.504026,0.776807,0.740234,0.778896,,20
106,41.649,-88.1317,273.513,627.04,475.75,376.49,250.55,928.21,346.06,223.622,308.294,84.659,301.17,0.000956222,0,0,106,1.01513,1.23057,1.47343,0.509884,1.31481,1.43409,0.520584,1.37788,0.724329,,20
107,44.6635,-88.0359,266.56,1164.12,1008.37,940.68,223.44,1345.85,825.51,260.111,334.063,74.0725,181.73,-0.0294436,1,0,107,0.865952,0.747715,0.523129,1.48583,0.504129,0.894979,1.14772,1.12539,1.28481,,20
108,44.9944,-88.0533,267.034,896.6,579.7,419.39,477.21,1208.29,440,166.016,238.632,72.6045,311.69,-0.0369784,0,0,108,1.21957,1.47982,1.10937,1.03033,0.942208,0.983189,0.998464,1.14726,1.08781,,20
110,43.1425,-88.1063,271.762,712.47,498.87,385.83,326.64,1043.06,571.3,133.944,202.298,68.3456,330.59,0.00464904,0,0,110,0.590524,0.858706,1.31048,1.35847,1.08113,0.611643,1.34695,1.2369,1.16978,,20
111,41.0546,-87.834,253.408,747.21,536.9,392.11,355.1,1070.73,550.42,147.668,221.531,73.8513,323.52,0.00984901,0,0,111,0.702169,0.875683,0.826757,0.567886,1.03236,0.946625,0.976749,0.619256,0.735471,,20
112,43.4775,-88.1456,274.663,603.13,455.64,365.93,237.2,1006.53,546.91,125.66,196.241,70.5743,403.4,0.0114919,0,0,112,0.997499,0.962612,1.04206,0.783994,1.39063,1.31242,1.03694,1.44511,0.927736,,20
113,42.5732,-87.9219,257.919,1127.16,1004.45,951.36,175.8,1362.8,910.08,264.913,341.414,77.4958,235.64,-0.031776,1,0,113,0.889764,0.925772,1.20248,0.503982,1.30399,1.25974,0.984139,0.862762,1.23091,,20
114,44.7881,-88.0372,265.241,1243.82,995.02,843.65,400.17,1446.5,277.37,249.281,323.522,74.2439,202.68,-0.052021,1,0,114,0.609325,1.1182,1.05403,0.892502,0.542754,1.21816,0.945928,1.16281,1.32442,,20
115,42.3037,-87.9537,259.214,1215.6,1040.92,895.36,320.24,1507.18,1045.25,127.816,195.163,67.3418,291.58,-0.0351691,1,0,115,1.06938,0.988525,1.38453,0.936753,0.588276,0.935212,1.4364,0.908824,1.0301,,20
119,40.561,-87.7032,243.611,1182.82,1049.88,964.23,218.59,1382.6,302.54,240.772,314.358,73.5837,199.78,-0.0234462,1,0,119,0.930635,0.95262,1.27305,1.01038,0.604925,1.28492,1.24013,0.544328,1.00684,,20
121,43.4483,-87.8352,252.565,687.9,446.03,359.03,328.87,822.29,230.82,395.94,483.759,87.8049,134.39,-0.0112012,0,0,121,0.917,1.41491,0.727739,1.36217,1.42256,0.592624,0.717898,0.644372,1.11268,,20
122,43.3703,-88.1709,278.032,695.27,487.68,376.26,319.01,1009.89,414.1,175.233,251.917,76.6733,314.62,0.00740329,0,0,122,0.578183,0.884188,1.02691,0.578784,1.1736,1.00906,0.75672,1.49817,0.951782,,20
124,44.4138,-87.841,250.683,1126.09,896.78,766.31,359.78,1293.87,246.54,322.671,397.849,75.1585,167.78,-0.0498533,1,0,124,1.09325,1.37366,0.912212,0.726496,0.934507,1.38827,1.10113,0.786974,1.447,,20
125,42.5439,-87.877,253.567,1305.9,898.25,758.56,547.34,1455.44,281.53,265.236,338.591,74.1065,149.54,-0.0239941,1,0,125,0.772684,1.03002,1.33915,0.540117,1.09935,0.819233,1.15443,0.770623,1.31686,,20
126,44.645,-88.0491,267.266,771.79,549.66,416.1,355.69,1095.82,464.36,155.547,227.504,71.9474,324.03,-0.025756,0,0,126,1.41273,1.34619,1.05067,1.32468,0.884545,0.862863,1.09612,1.11144,1.07781,,20
127,41.3972,-88.1017,273.214,593.5,440.52,362.05,231.45,936.47,454.09,159.484,235.581,76.0866,342.97,0.0198658,0,0,127,1.36448,0.871053,1.1704,1.48263,1.07193,0.825449,0.826569,1.20331,0.824677,,20
128,44.1646,-87.9909,262.466,669.72,482,374.01,295.71,993.08,421.93,170.764,242.401,71.6265,323.36,-0.00298898,0,0,128,0.909111,1.048,1.00444,0.985587,1.33116,1.25336,1.26316,1.02673,1.2439,,20
129,45.1468,-88.1082,267.502,1042.64,849.39,762.98,279.66,1305.34,835.42,160.366,228.817,68.4462,262.7,-0.0445704,1,0,129,1.27613,1.38285,1.1573,1.01834,1.15192,0.625809,1.45996,1.25637,1.34912,,20
135,41.1728,-87.8593,254.24,689.49,523.77,407.09,282.4,920.71,263.68,303.914,390.407,86.4756,231.22,0.00752489,0,0,135,1.35573,0.835445,0.845418,0.818688,0.713993,1.32377,0.624388,0.665588,0.840172,,20
137,48.7252,-88.0242,79.9384,492.54,259.13,173.77,318.77,28.68,27.51,0.318525,145.679,63.5287,-463.86,0.0852834,0,0,137,0.542,0.966512,0.833964,0.590157,0.511702,0.765983,1.46394,0.985041,1.14621,,20
140,43.7691,-88.1246,272.986,687.1,446.85,356.74,330.36,903.5,299.94,259.948,344.196,84.2362,216.4,-0.0123339,0,0,140,1.33615,1.45013,1.14727,1.13885,1.49803,0.562476,0.611416,1.22316,0.932913,,20
142,45.2914,-88.0088,264.256,732.14,464.11,367.21,364.93,969.68,308.98,251.409,328.569,77.146,237.54,-0.00964006,0,0,142,0.529911,1.08834,0.656613,0.900076,1.38112,1.03726,0.986852,1.05653,1.37866,,20
143,44.8288,-88.0556,267.512,673.44,509.36,409.22,264.22,959.8,337.27,225.386,303.027,77.6303,286.36,-0.0195396,0,0,143,0.939201,1.24489,1.00188,1.37089,0.857438,1.37638,0.901543,1.19844,1.19602,,20
145,42.3574,-88.0215,261.734,1066.56,874.72,811,255.56,1186.41,249.76,318.196,393.508,75.3032,119.85,-0.0236999,1,0,145,0.634499,0.816889,1.40207,1.09951,0.974509,0.546545,1.27526,1.01236,1.41083,,20
154,45.3064,-88.1058,272.278,702.49,481.75,370.51,331.98,1061.42,593.11,135.276,206.036,70.751,358.93,0.00426552,0,0,154,1.21882,0.908848,0.590631,0.707546,1.26733,1.00264,1.07231,1.27178,1.04328,,20
155,39.72,-87.7514,247.346,688.02,521.03,392.76,295.26,1041.3,557.39,139.616,213.741,74.115,353.28,0.014305,0,0,155,1.12606,0.915609,0.856054,0.544246,1.05866,1.17869,0.969928,0.513535,0.621268,,20
156,45.7465,-88.0543,267.099,647.96,475.38,372.31,275.65,1056.78,598,118.257,187.239,68.9742,408.82,-0.00346028,0,0,156,1.14509,1.18263,0.536778,0.733882,1.39416,1.36801,1.18731,1.15181,0.954897,,20
157,44.4702,-88.0169,264.461,593.74,436.56,353.16,240.58,946.77,470.55,154.319,224.295,69.9673,353.03,0.0136449,0,0,157,0.884287,0.798471,0.81481,1.02571,1.49174,1.27424,1.37752,1.08416,1.27953,,20
159,30.8154,-88.0004,79.9959,444.81,311.45,209.75,235.06,113.11,107.99,0.557735,145.324,67.3153,-331.7,0.0745709,0,0,159,1.31269,1.4872,0.597698,0.698641,0.676277,0.836091,1.19468,0.935982,1.24714,,20
164,45.5916,-88.0361,262.196,1514.76,1302.69,1206.51,308.25,1685.47,1217.11,160.584,230.763,70.1801,170.71,-0.072646,1,0,164,1.46776,1.42815,0.944031,1.0516,0.655054,0.618485,1.4498,1.06147,1.39417,,20
166,43.0987,-87.9913,261.099,1067.13,914.44,852.51,214.62,1243.54,266.87,280.728,356.311,75.5792,176.41,-0.0369686,1,0,166,0.801735,1.2162,1.26451,1.00746,0.990856,0.843837,1.11677,1.03,1.21442,,20
169,41.8174,-88.0568,270.623,549.5,392.15,327.09,222.41,764.89,258.74,320.514,408.671,88.1427,215.39,0.0346578,0,0,169,0.728838,0.650352,1.02423,1.11248,1.44207,0.851689,0.602387,1.08968,0.978525,,20
170,42.5434,-88.134,277.053,741.59,521.68,402.1,339.49,978.96,295.27,259.419,343.49,84.0558,237.37,0.0115457,0,0,170,1.26779,0.663908,0.937635,0.85781,0.665655,0.851215,0.556606,1.28889,0.917647,,20
171,44.9391,-88.0903,271.061,606.15,432.01,355.27,250.88,849.71,284.21,276.346,359.95,83.5925,243.56,-0.00527809,0,0,171,0.911963,1.27445,0.761704,1.31924,1.3809,0.991414,0.683851,1.25729,1.09896,,20
174,41.1122,-87.8111,251.874,685.11,502.49,395.32,289.79,920.57,298.41,263.009,346.702,83.6783,235.46,-0.00478138,0,0,174,0.60472,1.22485,1.07159,1.25103,0.905262,0.903424,0.739028,0.614474,0.816838,,20
175,40.3112,-87.9362,261.536,575.24,416.85,346.25,228.99,810.06,299.53,265.522,348.399,82.8632,234.82,0.0367387,0,0,175,0.718625,0.509152,1.21499,1.44731,1.02815,0.740624,0.801624,0.800136,0.959606,,20
176,41.7677,-87.639,239.424,996.17,841.25,780.42,215.75,1052.19,193.38,584.387,665.196,80.804,56.02,-0.014839,1,0,176,0.570127,0.786326,0.850778,0.877168,1.15714,1.05983,1.25452,0.532437,1.49882,,20
178,44.9822,-88.0625,268.29,592.62,441.26,366.62,226,846.72,294.25,266.402,345.183,78.7701,254.1,0.00706555,0,0,178,0.958656,0.789797,0.663061,1.23494,1.16723,1.34469,0.958974,1.22533,1.43414,,20
179,41.9628,-87.6976,243.502,698.94,536.76,412.67,286.27,1004.16,413.89,183.01,257.383,74.3618,305.22,-0.0183063,0,0,179,1.30373,1.47367,0.987222,1.46622,0.894002,1.20224,1.22902,0.524911,0.897363,,20
180,41.0014,-87.9149,259.186,754.21,501.34,377.95,376.26,979.48,320.1,244.924,331.279,86.3386,225.27,-0.00350442,0,0,180,1.23685,1.25387,1.01451,0.564791,1.23495,0.690202,0.527661,0.720727,0.64515,,20
181,39.1732,-87.7601,249.895,621.15,438.83,352.2,268.95,902.6,400.16,179.116,253.916,74.788,281.45,0.033839,0,0,181,0.525512,0.573225,1.16361,1.3528,1.12768,0.619521,1.16307,0.54082,0.875883,,20
184,43.763,-88.1024,271.792,567.52,418.07,346.57,220.95,883.24,384.72,189.294,263.056,73.7517,315.72,0.0240361,0,0,184,1.19224,0.590373,0.97862,1.06966,1.40825,1.14069,1.12997,1.32703,1.33291,,20
